Project Name,Artist Name,Additional Artists,Project Type,Abridged Project Text,Location (Internal),Schedule,Duration,Status,GPS Coordinates/Link (from Location NEW),Year or Permanent,R2,Latitude,Longitude
Emergence,Richard Wilks,"Michael Conn, Steve Kerylow",Installation/Immersive Environment ,"Emergence is an other-worldly luminous sculpture experience that mysteriously started surfacing at Bombay Beach. The sculptures appear to be intelligent, organic and mechanical in form with spinal columns and finger-like limbs embracing crystal cubes. Not all have surfaced...Will more appear?",The Beach ,,,Confirmed,,Temporary 2026,,,
The Philosophical Computer.,Marc Vinciguerra,,Lecture/Talk,The Philosophical Computer is a philosophical sculpture entirely permutable that is made of 54 symbols of the great philosophical revolutions of the western world from the totemic God to Post-modernity. The goal is to articulate these symbols together to create new contemporary cultural synthesis.,The Portal,,0:30,Confirmed,https://maps.app.goo.gl/WP7U3UiSru8ZXVgb7?g_st=ic,,,33.3492836,-115.7270508
Secret Society of the Palms,Sydney Parcell,,Installation/Immersive Environment ,Explore the secret of the palms and bathe in their light,Vulcan,,,Confirmed,,Permanent,,,
water lilies,"Christine Heath lovenkaos,Christine Heath",,Object ,"Water Lilies is a floating mosaic sculpture, round colorful mirrors intertwined with the sea reflecting the light and environment around. the mosaic floats upon the waves creating a mirage like sensation changing with light and movement. ",The Beach ,,,Confirmed,,Temporary 2026,,,
A Gentle Place Before the End,Corinna Kester,"Jason Asbahr, Sarah Dopp, Corinna Kester",Installation/Immersive Environment ,"Somewhere between ruin and rebirth, there is a room to sit quietly. Carpets soften the desert; patterned lantern light drifts while a gentle soundscape carries whispered poetry. No performance, no verdict. Stay awhile, leave a trace in the Book of the Known, then return to dust and judgement.",Polaroid Museum,,,Confirmed,https://maps.app.goo.gl/iLzMcpWCByCG1EVS9?g_st=ic,Temporary 2026,,,
Lomochrome,Sydney Parcell,,Installation/Immersive Environment ,"Immerse yourself in color, light, and movement ",Rapha's,,,Confirmed,,Temporary 2026,,,
Westlandia Desert Oasis,Kate Marusina,"Quirky Corky, Val Rotar, Peter Djordjevich",Facilitated Experience,"Tired of wandering through life? Pause and arrive at Westlandia Desert Oasis, where weary feet and restless minds find renewal. Heal in our vibroacoustic dome, sip a last-call drink in the lounge, and leave your mark by gifting found objects to our vibrant peddlers’ paradise.",The Beach ,3/27/2026 5:00pm,23:50,Confirmed,,,,,
Derangers Before the Playa,Sandi Wheaton,Sandi Wheaton - Jake Wade,Venue,Reimagined Western Paintings by Jake Wade / Salton Sea Time Capsule Photographs by Sandi Wheaton,Bombay Soleil,3/28/2026 1:00pm,3:00,Confirmed,https://maps.app.goo.gl/gdLLfqFDyX5LadR36?g_st=ic,,,,
My kingdom for a crown ,"Tracey Keilly,Tracey Keilly",,Object ,"These collages remind one of a third grade bulletin board...on peyote. Formed in a blacked out tangent, the paint was applied by gravity and shaped by the subtle magnetic forces in the earth. Pigeons and magnets appear and reappear. They too respond to the earths magnetic fields",Neptune,,,Confirmed,https://maps.app.goo.gl/UcJpkT6hnUwXDPVo6?g_st=ic,Permanent,,33.3495432,-115.7318949
"The Jazz Club at the DORD , sponsored by YARGER PROJECTS ",TIM YARGER / Tyler Hammond Jazz Experience ,additional names forthcoming ,Music,"The Jazz Club at the DORD has added another remarkable musical experience to BBB , paralleling the The Opera, The Ballet  at the DJ sets ...",The Bombay Beach Estates,3/27/2026 10:00pm,2:00,Confirmed,https://maps.app.goo.gl/5pbYgb2r5bZLDweK8?g_st=ic,,,,
While It Lasts,Spencer Davila,,Installation/Immersive Environment ,"While It Last 
Everything stands for a while.",The Beach ,,,Confirmed,,Permanent,,,
THE VOICE THAT SURVIVED THE SUN ,Thee Suburbia ,,Performance,"THE VOICE THAT SURVIVED THE SUN is a solo ritual by Thee Suburbia using voice, screamo, flexible acrylic mirrors, a fog vest, and one breakable rubber glass object. The work moves through burning and collapse into a self driven resurrection and a final ceremonial breaking of internal judgment.",Temple to the Scientific Method,,15:00,Confirmed,https://maps.app.goo.gl/iLzMcpWCByCG1EVS9?g_st=ic,,,,
Baroque Sunburst,Jenne Giles,,Installation/Immersive Environment ,"A paper maché child's sweater covered in pale blue glitter like the sky suspended from a clothing line, an homage to the extraordinary in the ordinary.",Zig Zag Plaza,,,Confirmed,,Permanent,,,
San Litio (Saint Lithium),Tornado H.,,Installation/Immersive Environment ,"San Litio - 1905 - 1999

The divine saint of the Salton Sea, creator of lithium and protector of debris. 

Provides: youthful energy, calm reflections, and clean water. ",1st & Aisle of Palms,,,Confirmed,,Permanent,,,
okay you,Clifford Usher,,Facilitated Experience,"okay you, you're ok

Come breathe, stretch, and start your day with one of the oldest calm technologies: gentle yoga and ambient music designed to develop interoceptive awareness and genuine presence. No experience necessary. Bring a mat if you have one.",Henderson Hall,3/28/2026 10:00am,1:00,Confirmed,,,,,
Mamacita Junior the 3rd,Kariño Arrr,,Performance,"You are invited to experience the performance of love to Mamacita Junior the third, my tiny little minivan, which is my ever evolving home for the last 9 years.
",Showtown,,0:10,Confirmed,,,,,
The Salton Sea Museum and Library ,Christopher Landis,,Installation/Immersive Environment ,"Reopening at BBAC the Salton Sea Museum and Library has added new ephemera and titles representing the Salton Sea history and ecology. 
Additionally titles include topics covering Western Water, Deserts and Landscape studies. ",BBAC Center Bombay Beach Arts & Culture Center,,,Confirmed,https://maps.app.goo.gl/9xBv9RBxsDb2FWBq6,Permanent,,,
Ghost Cadillac ,Evan Holm,,Object ,"Ghost Cadillac is a loving and meticulously rendered full scale sculptural line drawing of a 1972 Cadillac El Dorado.  The 'wire frame' sculpture has no paneling,  so that the effect is like a skeleton leaf,  a transparent and ghostly embodiment of this classic American automobile.  ",,,,Confirmed,,Temporary 2026,,,
We are one,Olga Elias,,Object ,Yellow ribbons are suspended from a horizontal bar  for the wind to play. There is a marker to write wishes for the wind to take. The frame is 9 feet tall with the ribbons taking the space in the middle exposing the top part to the sky to watch while sitting on a provided chair. ,The Beach ,,,Confirmed,,Temporary 2026,,,
Tiny Closet On Wheels,Isaac Taylor,,Installation/Immersive Environment ,"The Tiny Closet On Wheels is a pop-up gay bar art car out of a pop-up truck camper. Cabincore maximilist ""man-cave"" aesthetics on the inside, and rainbow LEDs on the outside supporting an inclusive vibe and ",Roaming,3/27/2026 6:00pm,2:00,Confirmed,,Temporary 2026,,,
Curl,Sam Cooler,,Object ,Curl is a new flame effect piece inspired by the math and physics of electromagnetism. Twelve jets of pulsing fire on a beautiful twisting helix of copper and steel.,9536 Avenue D,,,Confirmed,,Temporary 2026,,,
HENDERSON HALL.  MZ Aqua Community Enrichment ProjectS *MACEPS,PIRATE MIKE,"Sharonda Clark, Mark Linck, Arabella Serrell",Venue,Henderson Hall is a new community space open to a wide variety of programing . Conceived of by MZ AQUA as her final legacy piece to elevate and support the community of Bombay Beach by providing a large open space with infinite possibilities .,Henderson Hall,3/21/2026 12:00am,23:50,Confirmed,,,,,
Bombay Beach Biennale App,Deborah Mowry,Auston Anon,Installation/Immersive Environment ,Please download this app at (this address) to see everything going on with the Bienalle and manage your artist presence independently. ,Digital,,,Confirmed,,Permanent,,,
PoP.  a MACEPS project,LucYSOL,Extension of GCEPS. guerilla community enrichment projects ,Installation/Immersive Environment ,A space you can walk through to engage with large sculptures ,,3/28/2026 12:00am,23:50,Confirmed,,Permanent,,,
Initials B.B. II,Olivia Fougeirol,Josephine Wister Faure,Object ,"A flag, an ode to impermanence
",Temple to the Scientific Method,,,Confirmed,https://maps.app.goo.gl/iLzMcpWCByCG1EVS9?g_st=ic,Temporary 2026,,,
Akasha,Wanda Orme,,Installation/Immersive Environment ,"Calling to the waters that connect all life, Akasha is a symbol of hope and continuity – things slip through the cracks, life finds a way and through this unusual genesis new ideas are born. Where there is water there is life. At the shore of a dying sea, what can be done?",The Poetry House,,,Confirmed,https://maps.app.goo.gl/vZneWQfmWBoyax8c8?g_st=ic,Permanent,,33.3495351,-115.7265389
The Poetry House,Pharaoh,,Installation/Immersive Environment ,"The Poetry House is a center for poetry and spiritual restoration, celebrating poetry as a technology that translates emotions into tangible reality. Co-created by Pharaoh and Tao Ruspoli, participants are welcome to write their favorite verses on the walls... ",The Poetry House,,,Confirmed,https://maps.app.goo.gl/vZneWQfmWBoyax8c8?g_st=ic,Permanent,,33.3495351,-115.7265389
Pharaoh and Tarot,Pharaoh,,Facilitated Experience,"Tarot Readings at The Poetry House with Pharaoh! Readings are approximately ten minutes. Pay-what-you-can, offerings are also welcome!",The Poetry House,,4:00,Confirmed,https://maps.app.goo.gl/vZneWQfmWBoyax8c8?g_st=ic,,,33.3495351,-115.7265389
The Poetry Salon,Pharaoh,"Endless Poetry, Dulcinee DeGuere",Facilitated Experience,"The Poetry Salon is where the poets of Bombay Beach gather and offer the poems that have touched their hearts. Done entirely in silence, poetry springs forth from the most unexpected places. Bring a poem you know, or a poem you wrote. ",The Poetry House,,1:30,Confirmed,https://maps.app.goo.gl/vZneWQfmWBoyax8c8?g_st=ic,,,33.3495351,-115.7265389
Italia Fest,Gallo,,Film,"Have an old school italian festival with music food and drink (aperitivo) during sunset and then screen from Rome Italy, Anna Negri's, Venice Film Festival selected, feature Documentary. Toni mio Padre afterwards with Q&A",Little Little Italy,3/24/2026 7:00pm,4:00,Confirmed,,,,,
The Toll,"Daniel Taylor & Sucre Rosa,DANIEL TAYLOR",Daniel Taylor and Sucre Rosa,Object ,"""The Toll"" is a sound sculpture made from a recycled industrial propane tank. A heavy piece of industrial waste, transformed into a stationary bell designed to ring out the voices of those who were silenced for their activism.",The Poetry House,,,Confirmed,https://maps.app.goo.gl/vZneWQfmWBoyax8c8?g_st=ic,Temporary 2026,,33.3495351,-115.7265389
Bombay Beach Retrospective,Greg Haberny,Heidl Hasenauer,Venue,"In Celebration of the BBB’s tenth year Anniversary we will be curating a group show at The Foundation that will feature local, visiting and distant artists with works within the disciplines of 2D, 3D/Sculpture, assemblage and installation. ",Foundation Foundation,3/27/2026 7:00pm,0:00,Confirmed,https://maps.app.goo.gl/ydh4eH236sjGhm8H8?g_st=ic,,,,
Immortalization Of Self ,Jana Cruder ,Matthew LaPenta ,Object ,"A contemporary reimagining of idealized beauty, this piece contrasts classical art with today’s selfie culture. Inspired by Bertel Thorvaldsen’s Eve Holding an Apple, the marble replica replaces the apple with a smartphone, questioning whether modern self-image reflects vanity or addiction.",Zig Zag Plaza,,,Confirmed,,Temporary 2026,,,
Moral Development Dice Bar,Jessie James,James Bruschi,Food/Beverage,"Roll the dice, see what stage of moral development you've reached, and win a cocktail, mocktail, or a surprise! This will be a pre-party for the fashion show at Bliss Beach Club (happening around sunset). ",Bombay Beach Bliss Beach Club,3/28/2026 5:00pm,2:00,Confirmed,,,,,
Suspended Judgment,Paul Forte,,Object ,"Broken porcelain pavers form a low field: one side smooth, one side shards, with a few tiles painted as “repairs.” A black dog-shaped stone appears to lift off and leave. The work treats judgement as a sorting system—intact/broken, clean/ruined—and suggests the simplest verdict is to exit the scene.",The Beach ,,,Confirmed,,Permanent,,,
Salton Sailboat,Peter Nelson,,Object ,A memory of a sailboat fading with the memory of the resort.,The Beach ,,,Confirmed,,Permanent,,,
Bombay Bliss Beach Club,DANIELA ARDIZZONE,,Venue,Bombay Bliss Beach Club,Bombay Beach Bliss Beach Club,3/26/2026 8:00pm,4:00,Confirmed,,,,,
Affogato ,Jason Rider,"Darryl Curry, Suzanne Curry, Lacey Curry",Food/Beverage,"The night before was kind of rough, got up around 10:00, started running around looking at art had a taco at 11:00, starting to burn out and getting tired, as I raise my head the sun burning my eyes I see a line, it's affogatos",drakkar Noir,3/28/2026 3:00pm,2:00,Confirmed,,,,,
Empathy Bleed,Janenne Willis,,Lecture/Talk,"Empathy Bleed traces two contrasting bodies of water – California’s receding Salton Sea/ancient Lake Cahuilla and the biodiverse Western Port/Wurnmarrinh in Australia – exploring the charged space in between, empathy and breath. An artist edition of the book, and a live reading with be offered.  ",Bombay Beach Museum of Bombay Beach,3/28/2026 10:00pm,0:40,Confirmed,,,,,
Everything I Desire Is Already Mine,Reed McConnell,,Film,"A 10-minute video piece featuring mud pots and manifestation, looped. ",,,0:10,Confirmed,,,,,
Aperion ,Wanda Orme,,Installation/Immersive Environment ,"Aperion calls us into communion with the wild, unbounded intelligence of the beyond-human world; featuring a night-black dish holding salt water, with wings of glistening charcoal sourced from scorched local wetlands, drawing upon chimerism, transmutation & alchemy to speak to the beyond-human world",9543 Avenue H,,,Confirmed,,Permanent,,,
3D Therapy in Perspective,"Jimmy Mahaffey,Jimmy Mahaffey",,Installation/Immersive Environment ,"built of art like legos on 4'x6' panels, the installation is composed of 250 paintings digitized onto coreplast. this habitrail of my imagination is a construction of the places people and art i love so much I had to paint a picture of them and build them a cappella. ",3D,3/26/2026 5:00pm,1:00,Confirmed,,Permanent,,,
Echoes of a Dying Sea,Colin Jemmott,"Colin Jemmott, MJ Brovold",Installation/Immersive Environment ,"Echoes of a Dying Sea is a steel fish. Shout into its mouth and your voice travels to an underwater speaker in the Salton Sea, then returns through a hydrophone: transformed by salt and distance into smear, echo, and reverb.",The Beach ,,,Confirmed,,Temporary 2026,NO,,
Mella Tarantella--Risorga e Balla con i Morti e Vivi alla Fine Dei Giorni,Carmella Martinique Bonadio,,DJ,Dance for the End of Days,Temple to the Scientific Method,3/27/2026 9:00pm,2:00,Confirmed,https://maps.app.goo.gl/iLzMcpWCByCG1EVS9?g_st=ic,Temporary 2026,NO,,
The Last Catch (what remains as everything drains away),Carolyn Weiner aka fancyVANDALS,collaberation with Spencer Little art,Installation/Immersive Environment ,"A 5-foot mirror-mosaic fish skeleton hangs from a hook at the Salton Sea. Part relic, part disco ball, part skeletal poem. A collaboration between fancyVANDALS and Spenser Little, it’s a monument to what still glitters when everything else drains away.",Beach: The Lighthouse,,,Confirmed,https://maps.app.goo.gl/TwDBRhwf5W3CSqow9?g_st=ic,Permanent,NO,33.3474497,-115.7293750
Remnant,Jorg Dubin,"Billy Fried, Christopher P ",Installation/Immersive Environment ,"A meditation on the nature of mass consumerism and global capitalism, and the devastating impact it has on our built and non-built environments, as well as the exploitation of disposable human capital. ",The Beach ,3/27/2026 11:00pm,23:50,Confirmed,,Permanent,NO,,
Small Mercies (A Diptych),Masha D'yans,,Object ,"A two-panel acrylic diptych born from a real encounter at a “protected” beach turned toxic. One panel conjures a wrecked afterlife of debris, beauty, and bodily threat; the other imagines an inner refuge that won’t fully seal. Folk wards ring the edges. Small mercies flicker inside.",Foundation Foundation,,,Confirmed,https://maps.app.goo.gl/ydh4eH236sjGhm8H8?g_st=ic,Temporary 2026,NO,,
Poof Alert,"""Brent """"Brent"""" Koehn "",Brent Koehn",,Object ,"What is that thing? 
Let's check it out. 
A polished steel form, crawling up from the sands of the beach, a cave for you to enter. 
Within, you see buttons! And pipes and hoses buried inside a writhing snake-like structure. 
What is this thing?
Press button. Fire erupts. Music happens.
:-D",The Beach ,3/28/2026 6:00pm,14:10,Confirmed,,"Temporary 2026,Permanent",NO,,
"Liminal Vessel: Omphalos, Marker of a Dead Sea",Caroline PM Jones,,Object ,"At the Salton Sea, Liminal Vessel: Omphalos, Marker of a Dead Sea rises as a witness to a slow collapse. Clay, light and void form a ceremonial object for a post - hope landscape - where judgement lingers, water withdraws, and the sublime persists amid decay.",The Beach ,,,Confirmed,,Temporary 2026,NO,,
Confessions Stand,Sydney Parcell,,Installation/Immersive Environment ,"Capture a photo with your sins, the only payment required is your confession. ",Roaming,,,Confirmed,,Temporary 2026,NO,,
Artemis makes a house call,Fleur Blumay,,Installation/Immersive Environment ,"In my surrealist conceptual offering I'm bringing magic and symbolism to the Salton Sea by inviting Artemis, the lady of the lake, to visit her home away from home, a hollow Redwood tree temple in a trailer, thus shifting shapes and playing with perception.",The Institute,3/19/2026 7:00pm,0:30,Confirmed,,Permanent,NO,,
Operating Conditions,"Julia Jerome,Julia Jerome",,Object ,"A structure rises from the water in tiers, built from steel armatures pierced with rawhide. The hide is gathered, stretched, and trailing, shifting from pliable to rigid as it dries from the sea, shrinking to tension the frame and mark receding water levels.",The Beach ,,,Confirmed,,Permanent,NO,,
FLESH VERDICT,Lyosha,Tarcila Neves,Installation/Immersive Environment ,"A ceremonial burning of a 7.5-foot driftwood figure animated by hyperrealist projections. Guests feed written judgments into the open frame. As the sculpture burns, a clay heart—fired by the heat—emerges from the ash, a permanent artifact of community persistence amidst infrastructure collapse.",Saturn,,,Confirmed,https://maps.app.goo.gl/khMiXhANH1tQrX6dA?g_st=ic,Temporary 2026,NO,33.3531966,-115.7314027
Messages from Space,"Sophi Kravitz,Sophi Kravitz","Sophi Kravitz, Sofy Yuditskaya, Ria Rajan, Oliver Tanner",Installation/Immersive Environment ,"Liz is 126 years old and choosing the date of her death. She has uploaded her memories to the near-far future archive: the Fire-Flood Years, five marriages, bioengineered hearts, the moment humanity chose to stay connected. Cosmic rays from outer space activate her voice. She left this for you.",Neptune,,,Confirmed,https://maps.app.goo.gl/UcJpkT6hnUwXDPVo6?g_st=ic,Temporary 2026,NO,33.3495432,-115.7318949
The Last Supper,"Joseph Swerdlin,Joseph Swerdlin",Paul Mayencourt & Irene Zhou,Installation/Immersive Environment ,"This is the Last Supper before it goes up in flames. A dining table and chairs to gather around before it becomes the bonfire on which we cook our meal. Sit down, eat and enjoy, before the set itself is consumed. 
",,4/11/2026 5:00pm,6:00,Confirmed,,Temporary 2026,NO,,
The SCAR Wash,"Kamau Zuberi Akabueze,Kamau Zuberi Akabueze",Mars College's Tool Camp and Co-Lab Communitues,Installation/Immersive Environment ,"Welcome to The SCAR Wash, a full-service detachment from the judgements we carry in the weight of our emotions. Here, you leave the opinions of others to be dissolved into the remnants of a dissolving sea. You may have arrived in a mistaken identity, yet in no way are you a mistake in motion.",2169 2nd St.,,,Confirmed,,Permanent,NO,,
Bombay Beach Surf Club,Arabella Serrell,,Installation/Immersive Environment ,"Bombay Beach Surf Club Sunset Sessions                                                                                       Come paddle out on the Salton Sea Surfboards provided 
",PoP,3/27/2026 6:00pm,1:00,Confirmed,,Temporary 2026,NO,,
The Thread of Life | Act III: Own your Fate,Catus Chaos,,Installation/Immersive Environment ,"“The Thread of Life | Act III: Own Your Fate” is an immersive ritual-performance where myth, ancestry, and craft colide. Guided by Nyx and the Moirai, participants are invited to own their fate and weave it into the Loom of Life.",2169 2nd St.,3/27/2026 5:15am,2:00,Confirmed,,Temporary 2026,NO,,
Numen,Alex Freund,,Installation/Immersive Environment ,"The NUMEN project situates painted and draped figures within desert and geological landscapes, examining how the sacred is constructed and projected onto flesh and earth. As fabrics, paints, and pigments intervene upon the body, the body itself becomes an intervention within the landscape.
",Dream Demon,,,Confirmed,,Temporary 2026,NO,,
ECOTECHNO 4DXYZ,Henry Hanson,,Venue,ECOTECHNO 4DXYZ is an immersive screening encounter that engages all seven senses to take stock of our long-negotiated relationship with and between nature and technology. ,Temple to the Scientific Method,,,Confirmed,https://maps.app.goo.gl/iLzMcpWCByCG1EVS9?g_st=ic,,NO,,
Eat Pray Cult,Amy Brown Carver,,Performance,"What would it take for you to leave your comfortable life? Join Amy Brown Carver for 45-minutes of stand-up and collective comedy adventure about one woman’s search for freedom, meaning, and the closest flush toilet. ",Zig Zag Plaza,,0:50,Confirmed,,Temporary 2026,NO,,
My Niland II (Ten Checkpoints),Antimony Hussein,,Installation/Immersive Environment ,"Hussein, Antimony. My Niland II (Westward Journey). 2026. Video projection, multi-channel, buttermilk, car windshield, rear-view mirror. duration tbd, likely 24 hours.",Temple to the Scientific Method,3/27/2026 5:00pm,23:50,Confirmed,https://maps.app.goo.gl/iLzMcpWCByCG1EVS9?g_st=ic,,NO,,
God Is / Sustenance,Courtney Alexander,,Installation/Immersive Environment ,"God Is / Sustenance centers the body and land as sacred sites. A living altar invites offering and reflection on embodied divinity, while immersive stations throughout the landscape guide participants into contemplation, reverence, and renewed relationship with the environment.",Dream Demon,,,Confirmed,,Permanent,NO,,
"Sun Shine Dreams: Legends of Bomabay Beach, Unconditional Love and Stuff",Brenda Kenneally,,Installation/Immersive Environment ,"An excursion through the essence of Bombay Beach led by the souls of those that lived it.

",Henderson Hall,3/28/2026 2:00pm,6:00,Confirmed,,Temporary 2026,FUCK YES,,
Cafe Bosna,Cafe Bosna,"Adisa Ziric, Dmytro Bershadskyy, Tah Rei, Sofia Gyenes, Priscila Madrigal, Spenser Little, Aaron Willcox, Rob Leifheit, Roberto Gutiérrez Osnaya, Taib, Marc Abouaf, Michaela Hares",Facilitated Experience,"An interdimensional portal to the world of ritual coffee, immersive art and global dance electronica.",The Bombay Beach Estates,3/27/2026 6:00pm,23:50,Confirmed,https://maps.app.goo.gl/5pbYgb2r5bZLDweK8?g_st=ic,Temporary 2026,FUCK YES,,
SYZYGY,Wanda Orme,Brandy Eve Allen,Installation/Immersive Environment ,"SYZYGY: a site-specific ritual lab weaving sculpture, anthropology, light & sound installation. We explore grief and ecological intelligence as fluid, transpersonal and transcorporeal processes, invoking ritual and sonic information as ancient technologies for coregulation, (re)connection & healing.",Shed,,,Confirmed,,Permanent,FUCK YES,,
America is burning,Charlotte De Cock,,Performance,its in the files,The Bombay Beach Estates,,9:00,Confirmed,https://maps.app.goo.gl/5pbYgb2r5bZLDweK8?g_st=ic,Temporary 2026,FUCK YES,,
The Holy Sinner’s Shrine,Bobby Coyote,,Object ,"Before Judgement, before Confession, one must Sin.",The Poetry House,,,Confirmed,https://maps.app.goo.gl/vZneWQfmWBoyax8c8?g_st=ic,Temporary 2026,FUCK YES,33.3495351,-115.7265389
Oracle Booth,Ygor Marotta,,Installation/Immersive Environment ,"           ORACLE BOOTH
      ───────────────

   a living system
   where time unfolds

      stars in motion
      bodies present

   presence
      shifts
      the state

   sound aligns
      between
      time
      and attention

   data becomes form

   chaos / computation
            vision",Pythia,,,Confirmed,https://maps.app.goo.gl/VNb5BU2ML3mZxdRM7?g_st=ic,Temporary 2026,FUCK YES,,
Glorious Holy Kings: Queer Heaven in Bombay Beach,"""Pharaoh, Regina Victor""","Dadaonysus, Isaac Taylor, Alex Pahl Skinner",Performance,"Glorious Holy Kings is a drag show highlighting Kings uniquely designed for Bombay Beach. The Queer community has faced many judgements through the years, and not one of them has stopped us from celebrating our most authentic selves! Kingdom comes in the land of milk, honey, and drag. ",Temple to the Scientific Method,3/27/2026 7:15pm,2:30,Confirmed,https://maps.app.goo.gl/iLzMcpWCByCG1EVS9?g_st=ic,Temporary 2026,FUCK YES,,
Pyrotechnic symphony ,Jonathan Hart,Anonymous friends ,Performance,Multiple Firework shows & dazzling effects ,The Beach ,3/28/2026 10:00pm,15:00,Confirmed,,Temporary 2026,FUCK YES,,
Art Basil | Bombay,jmill,"jmill, Lucy Earth",Installation/Immersive Environment ,The world's premier contemporary fine herb fair comes to Bombay (Beach),,,,Confirmed,,Temporary 2026,FUCK YES,,
Dino pez dispenser ,Cody Orrell,Sarah Larsen ,Object ,"A massive pez dispenser Modeled after the late great Deno. A legendary Pez collector and a legendary man. It’s a joyful monument to  sweetness, hobbies, and the small rituals that survive us. Because grief, like candy, is easier to swallow when shared, unwrapped, and a little ridiculous.",Beach: Tesseract,,,Confirmed,https://maps.app.goo.gl/M4aRHYFgz3gvJtYr9?g_st=ic,Permanent,FUCK YES,33.3484921,-115.7293890
Bombay Beach Binoculars,Denali Brown,"Wiley Davis, Beth Karlin",Installation/Immersive Environment ,"Come see Bombay Beach through its first tourist binoculars. Instead of the present, the viewer reveals images of the town’s past and imagined futures, aligned to where you stand and look. A familiar device becomes a site-specific gallery for memory, anxiety, hope, and reflection.",Beach: Lemonade Stand,,,Confirmed,,Permanent,FUCK YES,,
Butterfly Pavilion ,April Leighton,,Installation/Immersive Environment ,The Butterfly Pavilion is an immersive experience created with colorful origami butterflies and flowers and lights creating a fantasy experience,Butterfly House,,,Confirmed,https://maps.app.goo.gl/ANiW4vR2XaEoB6Wg8?g_st=ic,Permanent,FUCK YES,,
Scale of judgement,"Scott Fitzel,Scott Fitzel",,Installation/Immersive Environment ,"Step up, lay down , stay the night if it feels right. bring  friends old and new, see what tips the scale in your favor and be judged or judged not",The Beach ,,,Confirmed,,Permanent,FUCK YES,,
ACTIVE SEA ENHANCEMENT PROJECT,"""Paul Glavin, Ben Meissner, Graham Sandelski""","Paul Glavin, Ben Meissner, Graham Sandelski, Cameron Overy",Installation/Immersive Environment ,"Cool… so you think you figured out how to solve all of Imperial County’s problems?

HA.

Snowball's chance in hell. ",The Beach ,,,Confirmed,,Temporary 2026,FUCK YES,,
StarShade,Sam Smith AKA Solar Sam,,Installation/Immersive Environment ,StarShade is rapidly-deployable self-replicating open-source solar-powered shade structure that converts sunlight into Love.,Neptune,,,Confirmed,https://maps.app.goo.gl/UcJpkT6hnUwXDPVo6?g_st=ic,Temporary 2026,FUCK YES,33.3495432,-115.7318949
Mapping the Sacrifice Zone,Uwe H. Martin,Frauke Huber,"Facilitated Experience,Object ","Residents map the forces shaping Bombay Beach: water politics, toxic dust, lithium extraction, community survival. Large-scale collaborative drawings debut at the Biennale, inviting visitors to add knowledge. The maps become living documents and permanent infrastructure for advocacy and planning.",Henderson Hall,,23:50,Confirmed,,Temporary 2026,FUCK YES,,
Algo(g)rave: The Manual for Dying,Katana Calderwood,Mars College cohorts - TBD,Installation/Immersive Environment ,"Death is inevitable, but the true horror is the infinite return. Inspired by Buddhist earthly hells, Algo(g)rave explores possibilities of disrupting the material-time mesh network of life. To escape the cycle, we move through recursive loops toward white noise—the soul’s final, static resolution.",The Beach ,3/27/2027 10:00pm,23:50,Confirmed,,Permanent,FUCK YES,,
"The Bombay Beach Country Club, The 6th Hole @Neptune ",Johnny G,,Installation/Immersive Environment ,"While clearing debris at a property on ave A, crews unearthed a putting green once belonging to the old Bombay Beach Country Club from its glory days in the 1960s.A restoration and a re-opening celebration is scheduled to coincide with theopening of Neptune,the latest addition to the BB solar system",Neptune,,,Confirmed,https://maps.app.goo.gl/UcJpkT6hnUwXDPVo6?g_st=ic,Permanent,FUCK YES,33.3495432,-115.7318949
Olive,"Nora Dell,Nora Dell",,Performance,"I participate in the BBB as a giant olive, letting the elements, environment, and other artists change and influence me. Over the course of the weekend, I devise/create a final performance, and perform it at midnight on Sunday. ",Zig Zag Plaza,3/29/2026 8:00pm,1:00,Confirmed,,Temporary 2026,FUCK YES,,
Quesadilla Communion,Isaac Taylor,,Facilitated Experience,"“Come to Cheesus” in an Old Time Religion styled tent revival as Rev. Earl E. Gaytes preaches about the one true whey of salvation. Expect a cheesy sermon, boxed wine communion, some food & fellowship to follow.",Temple to the Scientific Method,3/28/2026 11:00am,0:30,Confirmed,https://maps.app.goo.gl/iLzMcpWCByCG1EVS9?g_st=ic,Temporary 2026,FUCK YES,,
The Last Chord Divine,Kitty Green,,Performance,"I sought but to seek it vainly, 
that one lost chord divine; 
which came from the soul of the organ, 
and entered into mine. 
It may be that death's bright angel
Will speak in that chord again,
It may be that only in Heaven
I shall hear that grand Amen. 
",Henderson Hall,,0:20,Confirmed,,,FUCK YES,,
Grounded: Loss at the Salton Sea,Andee Strickland,,Object ,"""Grounded: Loss at the Salton Sea"" is a site-specific art installation at the Bombay Beach Marina that directly addresses the dramatic water loss and environmental decline of the Salton Sea.
The project will feature a boat cut in half widthwise and partially ~ bedded into the dry marina basin, positionea as if wrecked and permanently stranded. 

The work transforms the abandoned marina into a powerful visual statement about disappearance, environmental fragility, and the consequences of water depletion.",The Beach ,,,Confirmed,,Permanent,FUCK YES,,
The LiT Landing,Kevin C Key,,Object ,Extend the dock that I recently built so that it can remain in the lake for a few more years as the Salton Sea dries up. This is something the community loves. I'd like funding to extend it further out over the water and make some safety enhancements.,The Beach ,,,Confirmed,,Permanent,BBI,,
Only players left alive ,Antalina Fed,,Facilitated Experience,"This is a post-apocalyptic social simulation. Playground where visitors receive new identities and enter temporary social roles. Through immersive interactions, rituals, and exchanges, participants experiment with identity, explore connection, choice, and survival.",Atlantis Inn Collective,,2:30,Confirmed,,Temporary 2026,BBI,,
Salton Sea Stellar Sky Society: Star Sight Site,Sarah K Larsen,"Gregg Fleishman, Jamie Dunphy, Brent Pearson & Sarah Larsen",Installation/Immersive Environment ,"The Salton Sea Stellar Sky Society’s Star Sight Site: a shared sculptural sanctuary supplying stargazing, star-seeking, skyward study, and speculative celestial storytelling for the Bombay Beach community. Styled and supported by The 9-foot Comeback Cube by Gregg Fleishman.",Bombay North,3/27/2026 7:30pm,4:00,Confirmed,,Permanent,BBI,,
GHOST LAYERS,"Tarcila Neves,Tarcila de Figueiredo Neves","Bombay Beach Community, Martians, Biennale Audience ",Installation/Immersive Environment ,"Curated by Tarcila Neves, Ghost Layers is a permanent AR archive bridging Bombay Beach residents, Martian speculative artists, and the audience. Solar beacons reveal local histories through inclusive AR and music by the Bombay Beach Choir, creating a gamified legacy of presence and accessibility.",The Electric Lounge,,,Confirmed,,Permanent,BBI,,
The Social Equilibrium Calibration Unit,Damon James Duke,,Object ,Time is running. ,The Beach ,3/27/2026 6:30pm,7:10,Confirmed,,Permanent,BBI,,
The World’s Tallest Ghosts Reassessed ,RJ Okay,,Object ,Bombay Beach is famous for being home to at least 33 of the World’s Tallest Ghosts. Or has it? Claims have been made that our ghosts may be undeserving of the title. We must maintain integrity. ,Zig Zag Plaza,,,Confirmed,,Permanent,BBI,,
Reincarnation Station,Suzanne Karpinski,"Theatre Uzume, Suzanne Karpinski",Performance,"Welcome, wayward soul! Our condolences on your recent death. Judgement is upon you, as it is for us all. What will you take with you into your next life and what will you leave behind? The Reincarnation Station is interactive theater for 1-2 participants at a time that asks this important question.",No Shoes + Dry West — Moonscapes,,0:10,Contacted,https://maps.app.goo.gl/k1PNCbR5x6UJxbye9?g_st=ic,,,33.3491097,-115.7268356
WOLFBERG: Dancing in the Dust  ,Warren Flesch,,Music,"An outdoor performance combining live music, choreographed dancers, a large LED screen, and light-based interventions. Set within environmental and structural decay, the work explores spiritual persistence and human resilience—not through escape, but through the act of remaining.",,,1:00,Contacted,,,,,
Wildebeets (DJ set),Wildebeets,,DJ,"Earthy electronic, psychedelic bass, and epic beats.",,,,Contacted,,,,,
Kiamora,Kiamora,,DJ,"DJ performance wherever whenever is clever, sub club local slot would be rad. ",,,,Contacted,,,,,
The Colorado,Murat Eyuboglu,,Film,"The Colorado, narrated by the stage legend Marc Rylance, takes us on an epic journey through the prehistoric settlements of the region, the period of European exploration, the dam-building era, modern industrial agriculture and immigration, and the impact of climate change.",,,1:20,Contacted,,,,,
Harpazo,Anna O'Donnell & Jamie Munsey,Anna O'Donnell & Jamie Munsey,Film,"A surreal, seriocomic narrative short film about fear, judgement, the lust for death, and queer friendship at the end of the world. A tenacious and ultimately hopeful film debut shot in Bombay Beach under the Buck Moon of 2023, only growing more relevant with each tick of the doomsday clock.",,,0:20,Contacted,,,,,
L and the Angel Cat,Alva Caple,,Facilitated Experience,"Interactive canvas painting with neon paint that glows in the dark. The canvas features the opening scene of the book L and the Angel Cat, based on a true story about love, life, and spirit.
Come socialize, enjoy great music, and join painting — everyone is welcome!  Includes a children section.",Bombay North,,4:00,Contacted,,,,,
“Tilapia Tank”: A Startup Incubator Brought to You by Silicon Wasteland,Nicholas Burrell,,Facilitated Experience,An evening of improvised shenanigans lampooning the absurdity of startup and investment culture at the end of the world in a place of disinvestment,,3/28/2026 8:00pm,1:00,Contacted,,,,,
Sima & Sidu,Sima & Sidu,,DJ,Sima & Sidu are a DJ duo with a love for mixing South Asian rhythms and melodies into music from around the world! They are all about inspiring people to let loose and just be silly on the dance floor.,,,,Contacted,,,,,
How to Freestyle Rap,Rob Zaleski,,Facilitated Experience,Freestyle rap is rhythmic speech you discover in the moment to entertain or express yourself. A beginner friendly workshop focused on connecting to self and others. ,Beach: The Sub Club/The Underground,,1:30,Contacted,,,,,
Pickle That Up presents THE SACRAMENT OF THE HOLY BRINE,Rachel Fortner Weinstein,,Food/Beverage,"Pickle That Up brings THE SACRAMENT OF THE HOLY BRINE to all creatures great and small in Bombay Beach. 

Witness the miracle of fermentation! 
Visit our Altar of Acidity, receive the sacrament, and become one the faithful dill-sciples.
If the neon pickle is glowing—come and be preserved.",Mobile,,3:00,Contacted,,,,,
Salton Sea Synth,Scott (Seamus) Kildall,,Performance,"Salton Sea Synth is a browser-based synthesizer powered by real-time air quality sensors in Bombay Beach.

Data from air quality sensors control sound parameters, turning this desert ecology conditions into data-driven music that anyone at the Bi",Digital,,0:00,Contacted,,,,,
Mobile Off Grid Studio Suites,JSun,,Facilitated Experience,"Mobile Off Grid Studio Suites. Open house. Prepare to be inspired to the possibilities of living the life you have always dreamed of! Travelling full time, adventures, freedom, independence, simplicity, meaningful community and the time & energy to explore and live all of your delicious passions. ",Showtown,,23:50,Contacted,,,,,
Fancy Vandals,Carolyn Weiner aka fancyVANDALS,,DJ,,,,,Contacted,,,,,
Precision,Joel Arellano,,Lecture/Talk,"I'll present a reading from a larger work of near-future fiction, ""Precision"". The work is an eschatology of the West. Tension builds as societal collapse feels imminent, but a suspicious calm challenges our assumptions of Western values, and inspire curiosity in imagined alternatives.",No Shoes + Dry West — Moonscapes,,0:20,Contacted,https://maps.app.goo.gl/k1PNCbR5x6UJxbye9?g_st=ic,Temporary 2026,NO,33.3491097,-115.7268356
The Second To Last Judgment ,PROTORELIX ,,Venue,"A dedicated art space to collect, promote and incubate  the creative practice of local Bombay
Artists..",,3/27/2026 11:00am,23:50,Contacted,,,NO,,
Aerial silks performing arts and workshops,Jessica Lewis,,Facilitated Experience,"Aerial silks performing arts and workshops. Inspiring creativity, self expression, and fitness through aerial dance. ",,3/27/2027 11:00am,1:00,Contacted,,Temporary 2026,NO,,
The Titty Twister,"Hunter Morley,Hunter Morley ","Hunter Morley, Eric Massimo, Natalie Wagenka, Napoleon, David Amaya, Pedro Valiente, Greg Glesser, Chloe Moe ",Performance,"When The Sun begins to set and the shadows start to rise, the Titty twister comes alive! Step right up and come inside our house of debauchery , where freaks dance the night to the the beat pulsing through our bodies like the blood pouring into our glasses as we slip into the dawn.",,3/28/2026 6:30pm,9:00,Contacted,,Temporary 2026,NO,,
AI and the Apocalyptic Imagination,rina nicolae,,Lecture/Talk,"AI is our era's apocalyptic narrative. This talk traces how the eschatological frame operates as both a belief system and a power structure, concentrating authority in those who claim to understand the coming transformation. how can we engage with the change without submitting to this mythology?",No Shoes + Dry West — Moonscapes,,1:00,Contacted,https://maps.app.goo.gl/k1PNCbR5x6UJxbye9?g_st=ic,Temporary 2026,NO,33.3491097,-115.7268356
Tea lounge Ong Ong,"Marina Malyarenko,Marina Malyarenko","Dmytro Pavlenko, Milena Nechay, Mari Melnichenko, Olesya Zrezartseva, Sofiya Bak, ",Performance,"This is performance with tea ceremony and sound healing. Two rooms:1 is small shop with empty shelves from our USSR childhood. Greeter serves black tea and talks to guests. After he let guests in to main lounge, that hides behind hidden door. There’s geishas, tea ceremon and sound healing ",,3/27/2027 8:00pm,3:00,Contacted,,Temporary 2026,NO,,
SKY WHITE TIGER : PSYCHIC BRIDES,SKY WHITE TIGER,"CLARA ALONSO, MASHA D'AYANS",Music,"An original hour-long psych pop SKY WHITE TIGER concert featuring original songs, electro/acoustic soundscapes, and layered vocal tapestries, accompanied by movement and whisper wisdom from Sky Psychic Brides. (THE OPERA HOUSE or THE SUB CLUB ) ",,,1:00,Contacted,,Temporary 2026,NO,,
THE HEATHEN TEMPLE: SANCTUARY (featuring DIA LUNA),DIA LUNA,"Andrea Diaz, Dani Gros, Jonathan Bareford",Venue,The angel birds of Bombay Beach are calling you. Are you ready to fly the highest highs and dive the deepest depths of your human experience? Find sanctuary at the HEATHEN TEMPLE with music alchemists DIA LUNA. We welcome your holy wholeness! Shred your sins and sing your prayers!,,3/28/2026 9:30pm,1:00,Contacted,,,NO,,
Community Patchwork/Quilting Bee of the Damned,Am/だ,,Facilitated Experience,"Together we steward cast-aside fibers and create a Biennale tapestry. Sew in community, and merge tattered scraps into something new. Unlike the gods who would condemn and abandon the world they created, we explore the latent potential in each textile. ",No Shoes + Dry West — Moonscapes,,1:00,Contacted,https://maps.app.goo.gl/k1PNCbR5x6UJxbye9?g_st=ic,Temporary 2026,NO,33.3491097,-115.7268356
Live painting performances with musicians and DJs on stages. Workshops. ,"Gamayuna,Ekaterina Abramova (artist Gamayuna) ",,Performance,"A live painting performance where music, myth, and ancient symbols converge. Gamayuna channels archetypal imagery in real time, transforming sound into vision and the stage into a ritual space. Each work invites the audience into remembrance.",,,2:30,Contacted,,,NO,,
Body Dysturbia,Joseph Elwell,,Installation/Immersive Environment ,An AR piece that allows you to hear body stories while inhabiting the nude body of the storyteller.,,,,In conversation,,Temporary 2026,,,
Respite Tea House ,Megan Kinney,"Brooke Burgstahler, Felis La Fleur, Benja, Euphemia",Installation/Immersive Environment ,"Judgment has been indefinitely postponed due to tea service. Enter a white-gloved waiting room between Heaven and Hell, where bells summon poems, rituals unfold quietly, and sanctuary replaces spectacle. Rest here before the gavel falls. Let it Steep. ",The Tradewinds,3/28/2026 6:00pm,6:00,In conversation,,"Temporary 2026,Permanent",,,
Tiny House of Soft Displacement,"""Mona Shahab, Desdemona Dallas""","Mona Shahab, Desdemona Dallas",Film,"The Tiny House of Soft Displacement imagines a home away from home—a third-culture dream space where delusion & nostalgia coexist. This interactive installation, a playful companion to the Ballad of Boobi Jean short film, invites viewers into an intimate, surreal interior shaped by memory & longing.",,3/27/2026 6:00pm,23:50,In conversation,,Temporary 2026,,,
Silver Tongued Devil: A Speaker-Creature,"M. G. Espar with Frenchie,Mike Espar (aka M. G. Espar)",Mike Espar and Kristen French,Installation/Immersive Environment ,The Silver Tongued Devil: A Speaker-Creature is an interactive sound sculpture constructed out of broken music equipment collected by a recently-deceased San Diego musician. Visit the Creature to hear angels plummeting into the Underworld—and to receive your own flattering fortune!,,3/27/2026 7:30pm,0:10,In conversation,,Temporary 2026,,,
Ambient Atlas,chimaksou,,Music,"Ambient Atlas is a traveling sound project created by Alan Kahler (chimaksou). He brings his 4-string electric bass and a table-top full of loopers, delays, reverbs, and effects to far out lands to explore the nature of time with what he calls, live and improvised site-specific sonic sculptures. ",Zig Zag Plaza,,1:30,In conversation,,,,,
Ann-Marie Lindblad Performs!,Ann-Marie Lindblad,,Music,"Live music. Interruptions. Clown. 
Joy gets thrown away. The desert listens.",Zig Zag Plaza,,0:30,In conversation,,,,,
Slop-Nine,"Warrick Macmillan,Warrick Macmillan",,Object ,"Slop-nine has crystalized. A enneaptych (9-ptych) depicting our world's unstable suspension between genesis and extinction, impression and sensation, belief and reality, heaven and hell. 

I offer fragments of a personal journey collaged as an ever-incomplete altarpiece resisting drowning in slop.",,,,In conversation,,Temporary 2026,,,
Anxious Attachment - A short play,Cameron Gregg,Producer/Director: Cameron Gregg - Playwright: Douglas Clarke - Co-Producer: Kirby,Performance,What would you do if providence found its way into your life after years of struggle. What if the people in your life finally contained traits that matched your ideals. What if one day you discovered that all your dreams were set to come true as you're surrounded by those near and dear to you? ,Zig Zag Plaza,,0:30,In conversation,,Temporary 2026,,,
Virginia's Archive,"Xochitl O,Xochitl Ortiz",,Object ,An archival family history and collection of images found in my great grandmothers belongings showcasing life as recent Mexican migrants settled in the Coachella Valley in the 1940's and 50s.  ,,,,In conversation,,Temporary 2026,,,
Prepared Tape Loops,Adrianna Krikl,,Music,"A live musical performance using prepared cassette tape loops of various lengths as source material. Old Walkmans and effect pedal chains build layered, melodic sound in real time. The loops drift in and out of sync as hiss and gentle warble become part of the music.",Zig Zag Plaza,,0:30,In conversation,,Temporary 2026,NO,,
Ashes and Breath: A Rite of Impermanence,Dragon Wu,"Dimo Zhang, Toria Kahni, Elijah Badua, Ymani, Moodswing, CeShi, Zhao Zhang, Kyle",Music,"Here, judgement is felt, not delivered.
A sonic ritual using throat singing, ethnic instruments, fire dance, sub-bass and electronic interaction. Rooted in the ancient, oriented toward the future, the performance moves through rupture and collapse, exposing the impermanent nature of mind and matter.",Zig Zag Plaza,,1:00,In conversation,,Temporary 2026,NO,,
Opartcalypse,Russell Dammers,,Installation/Immersive Environment ,Perception bending Psychedelic op art geometric wormhole ,,,,In conversation,,Permanent,NO,,
a semisensualconductor,"gandala,Gandala Lee",,Lecture/Talk,"As Moore's Law stopped being true in the 2020s and the US is making advanced AI chips again, a semisensualconductor explores a more organic, sensory pie experience of the latest innovations in making atomic sized transistors that power the AI race. What does it mean for a human to eat a transistor? ",No Shoes + Dry West — Moonscapes,,20:00,In conversation,https://maps.app.goo.gl/k1PNCbR5x6UJxbye9?g_st=ic,Temporary 2026,NO,33.3491097,-115.7268356
Bacterial Beats,Scott (Seamus) Kildall,,Music,"Last year, I collected microbial samples from the Salton Sea at Bombay Beach. They produce significant electrical signals, like small batteries that vary with sunlight.

This will be a performance where I map these into musical notes with 16 different sample jars and LEDs on each.",Zig Zag Plaza,3/28/2026 7:00pm,0:30,In conversation,,Temporary 2026,NO,,
‘All In’ at the End of the World,The Jolly Productions ,FrickFrackBlackJack ,Facilitated Experience,"At the edge of the Salton Sea, Frick Frack Blackjack rises from the ruins of Bombay Beach. No cash. No limits. Wager a secret, a relic, a dare. In a town shaped by decay, we gamble with meaning and where risk becomes ritual and luck is whatever you’re brave enough to bet.",,,10:00,In conversation,,,NO,,
The First Supper,"Salina Moore,Salina Moore",,Installation/Immersive Environment ,"After the last judgment has fallen, the table remains. A banquet rises from the dust: luminous and alive. Moss drapes its surface. Golden apples glimmer. The table requests your presence and your participation. The ritual of renewal asks: Who judges? Who redeems? And can we recreate Eden, together?",,,,In conversation,,"Permanent,Temporary 2026",BBI,,
Grotto Heaven,"Lauren Kim,Lauren Kim",,Installation/Immersive Environment ,"Grotto Heaven awaits: float amongst lush mountains, wander through the clouds, see salt that sparkles and herbs that whisper. Recline and breathe in this Daoist-inspired pocket paradise—perhaps heaven is closer than we think.",,,,IDK,,Temporary 2026,,,
The Magic Mailbox,David Seal,,Installation/Immersive Environment ,"You stumble across a glowing, mysterious mailbox. It beckons you closer—you can’t resist. The moment you open the door, a dazzling kaleidoscope of swirling lights bursts to life. For a breathless instant, you’re no longer here. You’ve slipped into another dimension.",,,,IDK,,Temporary 2026,NO,,
Magic Carpet Ride,Melanie Pincus,"Melanie Pincus, Noah Barr, Rohit Korrapolu, Massimo Bardetti",Object ,"A 6-minute blindfolded journey on a magic carpet. EEG captures how your nervous system responds to surrender, rhythm, mystery, being seen — and translates it into four glyphs sealed in wax. Your frequency fingerprint. The quest: find the others on your wavelength.",,,0:20,IDK,,Temporary 2026,NO,,
An information-theoretic recapitulation of God in the form of a public figure,Leo Christov-Moore,,Installation/Immersive Environment ,"a public figure : from the conditions of embodiment -vulnerability, mortality, open, endedness, we get intrinsic Drives to maximize complexity on multiple scales, advocating for an epistemic/homeostatic value in cultivating trust on infinite spacetimehorizons, towards the empowerment of all things.",,,,IDK,,Permanent,NO,,
A Piece of Hell's Kitchen: The Family Fridge,The Anti-Bootlicking Coalition (ABC),,Installation/Immersive Environment ,"The Anti-Bootlicking Coalition has been granted access to display an intimate item belonging to Satan himself— his family's refrigerator! It's on-loan for the weekend, from the folks downstairs. All are invited to take a peek into Satan’s private life through the lens of this everyday appliance.",,,,IDK,,Permanent,FUCK YES,,
SHRiNKRAY,Zach Brosi,Zach Brosi / Eric Sigler / Hunter Avery,Music,"SHRiNKRAY breaks conventional norms of typical musical performances by creating dynamic audio visual experiences. We strive to create a collective mind among our audience, sweeping crowds away into complete presence.",,,0:50,Not participating,,,,,
Queen Marth,"Zelda Angelone,Zelda Angelone",,Object ,"The sculpture is Queen Martha, Martha is a mermaid, octopus, with a cow skull head with
horns and a moon crown tentacles beckoning the sea to return to her, the
tentacle coming out of the shore in the distance almost reaching back to her. Finished with a cement/fiberglass mixture ",,,,Not participating,,Permanent,,,
Not Currently Named,Shane Kali Cassilly,"Spenser Little, Kathia Ruda, Colin Hornett",Installation/Immersive Environment ,A look into the power structures in place to control and contain women. ,,3/27/2026 6:30pm,23:50,Not participating,,Permanent,,,
SAND CASTLE,"Reine Paradis,Reine Paradis",,Installation/Immersive Environment ,"the sculpture SAND CASTLE is designed to be anchored in the water. 
It consists of 3 different layered metal structures that represent the walls of a sand castle.
Size can be determined depending on where it would be installed.
The entire sculpture is painted with fluorescent paint.",,,,Not participating,,Permanent,,,
Answer the Call ,Rasza,Milena Imhof and Bhushan Thakkar ,Installation/Immersive Environment ,"
Will you...
Answer the Call?",Bombay Beach Bliss Beach Club,,,Not participating,,Temporary 2026,,,
The Last Judgement,Charlotte Kubiak,,Installation/Immersive Environment ,"An intimate installation within a small space, centered on a broken mirror: “Mirror, mirror on the wall; you became your mother after all.” As my mother ages, weakens, and the end draws closer, the work confronts role reversal, resentment, and forgiveness—staging a deeply personal Last Judgement.",,,,Not participating,,"Temporary 2026,Permanent",,,
An Acoustic Drum Set,Milton Ren,,Installation/Immersive Environment ,"You know what BB is missing? A full-sized acoustic drum set, permanently rooted on the beach.",,,,Not participating,,Permanent,NO,,
Data Dump,Vincent Naples,,Installation/Immersive Environment ,"When engaging with digital software services in which the consumer is the product, we consent to an exchange of personal data and precious attention for convenience and comfort. Data Dump offers the same transactional proposition, promising a luxury experience exchanged for the most intimate of data",,,,Not participating,,"Temporary 2026,Permanent",NO,,
WHAT THE BODY OWES THE FIRE,Nanticha Lutt,"Mei Visco, Bryce Peterson ",Installation/Immersive Environment ,"An ornate chapel houses Saint Kümmernis, her body sealed in cascading wax. Attendants exchange hair or blood for a candle, which must be burned immediately. Death-altar audio fills the space. Judgment occurs without gods. Time is offered. Fire collects.
",,,,Not participating,,Temporary 2026,NO,,
RECEDING SALTON REVELATION,Candace H Youngberg,CANDACE YOUNGBERG,Installation/Immersive Environment ,A REVELATION TO MOST THAT THE RECEDING SHORELINE OF THE SALTON SEA ISNT A SLOW ONE BUT ONE THAT IS HAPPENING FAST AND IF NOTHING HAPPENS TO ADDRESS AND FIX THE ISSUES WE ARE ALL SCREWED AND WE LOSE THE ONE MAGICAL THING THAT BRINGS US ALL TOGETHER,,,,Not participating,,Permanent,NO,,
LUNA Raccoon Guardian: A Living Monument to Memory,"Zayne Amason,Zayne Amason",Tarcila Neves,Installation/Immersive Environment ,"LUNA is a glowing raccoon robot that roams Bombay Beach to listen. She is a witness, not a performer. Powered by local AI, she remembers every story shared with her. LUNA remains after the festival as permanent infrastructure—a living monument that grows smarter and deeper with every conversation.",,,,Not participating,,Permanent,NO,,
Duplicity and Divinity,Alex Pahl Skinner,,Facilitated Experience,You can never tell who the saints and sinners walking amongst us are. I do not aim to make it obvious with my wandering art. Maybe more to show it will actually never be clear. Inner demons and deities are a part of us all.  ,,,,Not participating,,Temporary 2026,NO,,
The Poetry Brothel,The Poetry Brothel,"Sarina Moretti, Artists TBA depending on grant budget",Performance,"Darling, 

The Madam requests your presence to play in the ephemeral delights of our shared devotion to life itself. Enter, The Poetry Brothel, a realm of intimate encounters where you just may catch a startling glimpse of your true nature.

In Endless Adoration,
The Madam",,,3:30,Not participating,,Temporary 2026,NO,,
Galactic Candy Cane Dance,"Kevin Patel,Kevin Patel",,Object ,"Light up metal stripper pole.
Fuck Yeah!",,,,Not participating,,Temporary 2026,NO,,
The Karass Carcass,Tyler Dean Larson,"Primordial Furniture: Tyler Dean Larson, Oscar Sharp, Ken Huffman",Object ,"A charred concrete monolith rises from Salton’s shore – an exponential staircase piercing the horizon. As each step doubles in height, their populations – toys from the stages of history and childhood – shrink in stature and surge in number.  Above them waits a rocket. A digital clock counts down.",,3/27/2026 8:00pm,1:00,Not participating,,Permanent,NO,,
Sound Tree,"Thomas Huber,Thomas Huber",,Installation/Immersive Environment ,This is a monumental musical instrument.  The design is iconic and will last through time. Its configuration appears light and delicate.    The design is to be physically interacted with to make it ring.  Yet visually it’s amazing in its own form. ,,,,Not participating,,Permanent,NO,,
Bomb Boat Bay,Czar Tide,people in town and two martians shant and lyosha said they will help and Kevin said DO IT!,Installation/Immersive Environment ,Come paddle out from the regenerative kayak boat bay by the cahuilla sea. Made of recycled sustainable materials. Accessible near the Bombay Beach dock. Built for all who seek to enjoy sitting on the sea in peace. ,,3/29/2026 5:30am,1:00,Not participating,,Permanent,NO,,
Anthropogenesis,Ira Birch,,Installation/Immersive Environment ,Anthropogenesis is a surreal sculpture containing a dendrochronological record of anthropogenic transformation of the Salton Sea. The installation symbolizes the inception of transgression and our subsequent expulsion from paradise. ,,,,Not participating,,"Temporary 2026,Permanent",NO,,
The Last Judge,Alicia Ard,,Installation/Immersive Environment ,"A 6.5-foot freestanding mosaic mirror installation that fractures and reassembles the viewer’s reflection. Set against the desert landscape, The Last Judge transforms the idea of judgment into an intimate confrontation with the self — unstable, multiplied, and quietly revealing.",,,,Not participating,,Permanent,NO,,
Xenolex Vision Garden,Jensen Abler,,Installation/Immersive Environment ,Educational Posters written in alien script.,,,,Not participating,,Temporary 2026,NO,,
Porous,k0j0,k0j0 (Koi Ren & Joey Verbeke),Installation/Immersive Environment ,"Porous subliminally injects earworms with “morally correct” lyrics into the participants of BBB. Subtly perverted everyday objects will be distributed across the city. When the sound around it is loud enough, each device plays a song just below perception. We’ll all be singing the same unknown song.",,,,Not participating,,Temporary 2026,NO,,
L oo K,GReg Olson,,Object ,"LooK is a large-scale steel installation addressing cyclist safety and shared road awareness.  A white bicycle forms the double “o,” chained to a telephone pole in the visual language of Ghost Bikes.  Flowers transform it into a living memorial urging drivers and cyclists alike to truly look.",,,,Not participating,,Temporary 2026,NO,,
The Human Cactus Memorial,GReg Olson,,Object ,"The Human Cactus Memorial is an 8' human-scale saguaro formed from interwoven bicycle locks, arms raised in surrender and hope. Created for the Bombay Beach Biennale, it honors my son and embodies endurance in harsh landscapes. Native plantings transform it into a living, growing desert memorial.",,,,Not participating,,Temporary 2026,NO,,
The Self-Witnessing Structures (SAS),Ann-Marie Lindblad,,Installation/Immersive Environment ,"The Self-Attunement Structures (SAS) is a seven-part ritual disguised as play: a journey through the body as home. Drawing from somatics, yoga, performance, and myth. A DIY self-encounter. Part playground, part confessional. Where participants feel first, think later, and become their own witness.",,3/13/2026 11:00am,1:20,Not participating,,Permanent,NO,,
Sea Angels,Enoch Ma,,Installation/Immersive Environment ,"An angelic archway rises from the Salton Sea, thickened into wing-like forms and encrusted in barnacles. Walk beneath a gate grown from fallen life, where the accidental descent of sealife mirrors angels’ fall.",,,,Not participating,,Permanent,NO,,
The X-Zoetrope Turbine,Beau Casey,"Velvate Brale, Snow Leopard, Gold Museum, DJ Cypod, VJ Colours",Installation/Immersive Environment ,"The X-Zoetrope is a PVC H-Rotor turbine merging kinetic engineering with early animation. Driven by wind or guests, its slats create a shutter effect, while Pi-controlled LEDs provide stroboscopic light. This hybrid transforms the ""X"" theme into a glowing, desert-activated communal ritual.",,,,Not participating,,Temporary 2026,NO,,
A CROSS TO BEAR,Joe Cole,,Performance,"I’m building a cross out of railroad ties and will do a live art show around it involving paint. Later, I would like to install it somewhere, possibly on the beach. Inspired in part by my Catholic upbringing, the state of the world, and my professional and artistic goals.",,,6:00,Not participating,,Temporary 2026,NO,,
R1elic,Francis Aguillard,,Installation/Immersive Environment ,"R1elic asks whether the single family home and the associated R1 zoning apparatus that supports it is either 1) an object of sacred reverence, 2) an artifact that can now be appreciated from a distance, or 3) something we need to abolish entirely to achieve urban absolution? ",,,,Not participating,,Permanent,NO,,
Stampede,"Vivian Lu,Vivian",Elisa Lupin-Jimenez,Installation/Immersive Environment ,A silent migration appears beside the Salton Sea: extinct animals breathing dim light beneath torn translucent skins. The desert hums with a distant tremor as a ghostly path unfolds — and those who follow begin to recognize their place within the same procession.,,,,Not participating,,"Temporary 2026,Permanent",NO,,
CHIRON TREE: A 12-POINT GRID INSTALLATION,Shant Siyahian,,Installation/Immersive Environment ,"A star tetrahedron beacon and central platform rises as a center point, anchoring a 12-point Grid installation. Each point has symbolic correspondences described on plaque and in construction. Swiveling meditation seats at each point allow visitors to meditate and participate with central beacon.",,,,Not participating,,Permanent,NO,,
Life in the Balance - the Scales of Justice,Jude Greenburgh,TBD,Installation/Immersive Environment ,The Anubis scales of Justice. I feel this biennale needs a call for accountability and justice in a world robbed of it. Lets weigh our human heart against a feather to see if we justify entry to the underworld. Our life hangs in the balance.,,,,Not participating,,Permanent,NO,,
The Ward’s Echo,"Peiyuan Zhang,Peiyuan Zhang",Tarcila Neves,Installation/Immersive Environment ,"A spatial AR experience overlaying the architecture of a psychiatric ward onto Bombay Beach. Using the story of a ""schizophrenic poet,"" visitors navigate a landscape where desert ruins meet clinical memories. It is a walk through the boundaries of confinement, perception, and poetic liberation.",,,,Not participating,,Permanent,NO,,
Echo Chamber,"""Earl Scioneaux, III""",,Installation/Immersive Environment ,"We sometimes get lost in our own echos, narrowing our perspective of the wide world around us. ",,,,Not participating,,Temporary 2026,NO,,
The Final Weighing ,Corey Smith,,Installation/Immersive Environment ,"The Final Weighing preserves a stranded shoreline of driftwood, barnacles, and debris in illuminated resin arches facing the Salton Sea sunset. Installed as a temporary desert chapel, it confronts viewers with what remains after retreat — a reckoning not of souls, but of matter left behind.",,,,Not participating,,Permanent,NO,,
Mural Painting Experience,"Kalee Bly Choiniere,Kalee Bly Choiniere",,Installation/Immersive Environment ,"Creating meditative moments of connection to self and others through paint, bright colors, and patterns that feel like a hug for your brain. ",,,,Not participating,,Permanent,NO,,
About To Pop Off In Ways You Can’t Even Imagine,Joe Cole,MACEPs (Mz Aqua's Community Enrichment Projects team),Venue,"We’re gearing up for year 2 at the POP lot. We plan to have a variety of art installations, live performances, talks, workshops, etc. We are seeking funding to help facilitate transportation and some small miscellaneous costs.",,,,Not participating,,,NO,,
Neptune,Kirby,,Performance,Transformation story of a Bombay Beach Beater GLOW UP into a vibey Biennale spot raising funds for showing artists. ,,3/29/2026 11:00am,1:00,Not participating,,Temporary 2026,NO,,
THE FOUR HORSES OF THE APOCALYPSE,Joe Cole,,Object ,"I’m going to build 4 horsefly traps (each the size of a small horse), and place them at roughly 4 equidistant points at the outskirts of town (e.g. on property near the corners). These will be functional art pieces, with the top half designed to attract and kill horseflies, and CNC-cut horse legs.",,,,Not participating,,Permanent,NO,,
Bad Urchin’s Speakeasy Hideout - Geodetic Dome Project,Jonathan “Bad Urchin” Kekahuna,Aloha Co-Op,Installation/Immersive Environment ,"Aye! Avast! You have found Bad Urchin’s Geodesic Hideout. Climb up into the crows nest and take a load off, or sit in our shade and talk story. If luck finds you around sunset the roaming speakeasy may show, and if it does you could find yourself with ice cream or mocktail in hand shortly. Aloha!",,,,Not participating,,Permanent,NO,,
Out of Body Expo,Freak Nature Puppets,"Deedee Anderson, Bobby Bergin, Aubrielle Hvolboll, Siena Jeakle, Matthew Sater, Mori Wexler",Performance,"Freak Nature’s giant puppet immersive theater have time again narrowly avoided achieving world peace. Enter Out of Body Expo, a world of DIY puppetry and reality-bending experimentation. Buckle up and lock in 4 a live-scored performexperience that lies just beyond what our flesh brains can imagine. ",,,0:40,Not participating,,Temporary 2026,NO,,
We Shall Have the Eyes to See,Renata Chebel,,Installation/Immersive Environment ,"Inside the Poetry House, we gather to listen to a song, write and imagine a different Last Judgement. Community-written poetic fragments are transformed into large textile flags - colored, print and hand-embroidered - declaring the possibility of hope and renewal.
",,,,Not participating,,Temporary 2026,NO,,
Taco Da Party,Azen Bertrand,,"Social Gathering,Food/Beverage","We bring vibrant dance music, tacos, and other specialty foods together. Our vision is a dance floor filled with celebration, community, and the love of tacos and techno.",,,23:50,Not participating,,Temporary 2026,FUCK YES,,
